model_id,model_type,estimand,outcome,treatment,instrument,estimate,std_error,confidence_low,confidence_high,p_value,first_stage_f,n_obs,n_countries,sample_name,fixed_effects,cluster_level,corpus_version,stance_version,run_id,git_commit,r_squared
fs_none_all_available,first_stage,LATE_UNSC_compliers,log_total_aid_real,unsc,unsc,0.14499291165673084,0.5395475995314941,-0.9125203834249977,1.2025062067384593,0.7881442407838918,0.07221609703129159,7719,179,all_available,,iso3,data-restored-v1,stance-measure-v3.1,gate5-2026-07-30T02:04:05,ef641d0979b9ce1ac75af19fc5cc0657e39d238a,2.5385239658559655e-05
fs_none_verified_complete,first_stage,LATE_UNSC_compliers,log_total_aid_real,unsc,unsc,0.14499291165673084,0.5395475995314941,-0.9125203834249977,1.2025062067384593,0.7881442407838918,0.07221609703129159,7719,179,verified_complete,,iso3,data-restored-v1,stance-measure-v3.1,gate5-2026-07-30T02:04:05,ef641d0979b9ce1ac75af19fc5cc0657e39d238a,2.5385239658559655e-05
fs_none_original_untruncated,first_stage,LATE_UNSC_compliers,log_total_aid_real,unsc,unsc,0.5057327082143559,0.5989446703077899,-0.6681988455889123,1.679664262017624,0.3985104628860848,0.7129657634463569,4086,179,original_untruncated,,iso3,data-restored-v1,stance-measure-v3.1,gate5-2026-07-30T02:04:05,ef641d0979b9ce1ac75af19fc5cc0657e39d238a,0.0003363642586179383
fs_none_validation_available,first_stage,LATE_UNSC_compliers,log_total_aid_real,unsc,unsc,0.13657142496502436,0.5390662610057789,-0.9199984466063024,1.193141296536351,0.8000060186345247,0.0641852710202313,7654,179,validation_available,,iso3,data-restored-v1,stance-measure-v3.1,gate5-2026-07-30T02:04:05,ef641d0979b9ce1ac75af19fc5cc0657e39d238a,2.2596709383648772e-05
fs_year_all_available,first_stage,LATE_UNSC_compliers,log_total_aid_real,unsc,unsc,0.2693892358528258,0.5292670836228527,-0.7679742480479654,1.306752719753617,0.610777081442992,0.2590661712416185,7719,179,all_available,year,iso3,data-restored-v1,stance-measure-v3.1,gate5-2026-07-30T02:04:05,ef641d0979b9ce1ac75af19fc5cc0657e39d238a,0.03761955744050738
fs_year_verified_complete,first_stage,LATE_UNSC_compliers,log_total_aid_real,unsc,unsc,0.2693892358528258,0.5292670836228527,-0.7679742480479654,1.306752719753617,0.610777081442992,0.2590661712416185,7719,179,verified_complete,year,iso3,data-restored-v1,stance-measure-v3.1,gate5-2026-07-30T02:04:05,ef641d0979b9ce1ac75af19fc5cc0657e39d238a,0.03761955744050738
fs_year_original_untruncated,first_stage,LATE_UNSC_compliers,log_total_aid_real,unsc,unsc,0.3103365975081971,0.5752359537375787,-0.8171258718174572,1.4377990668338514,0.5895755091942836,0.29105424850003647,4086,179,original_untruncated,year,iso3,data-restored-v1,stance-measure-v3.1,gate5-2026-07-30T02:04:05,ef641d0979b9ce1ac75af19fc5cc0657e39d238a,0.050254260553201924
fs_year_validation_available,first_stage,LATE_UNSC_compliers,log_total_aid_real,unsc,unsc,0.2600623676831697,0.5284649253121037,-0.7757288859285534,1.2958536212948928,0.6226564712945345,0.24217130839353654,7654,179,validation_available,year,iso3,data-restored-v1,stance-measure-v3.1,gate5-2026-07-30T02:04:05,ef641d0979b9ce1ac75af19fc5cc0657e39d238a,0.0373656387165201
fs_region_all_available,first_stage,LATE_UNSC_compliers,log_total_aid_real,unsc,unsc,0.27939087390731177,0.4780043528662695,-0.6574976577105764,1.2162794055252,0.5589048246341941,0.3416337194819049,7719,179,all_available,region,iso3,data-restored-v1,stance-measure-v3.1,gate5-2026-07-30T02:04:05,ef641d0979b9ce1ac75af19fc5cc0657e39d238a,0.11120657912700804
fs_region_verified_complete,first_stage,LATE_UNSC_compliers,log_total_aid_real,unsc,unsc,0.27939087390731177,0.4780043528662695,-0.6574976577105764,1.2162794055252,0.5589048246341941,0.3416337194819049,7719,179,verified_complete,region,iso3,data-restored-v1,stance-measure-v3.1,gate5-2026-07-30T02:04:05,ef641d0979b9ce1ac75af19fc5cc0657e39d238a,0.11120657912700804
fs_region_original_untruncated,first_stage,LATE_UNSC_compliers,log_total_aid_real,unsc,unsc,0.5274746165928086,0.5275575844509912,-0.5065382489311341,1.5614874821167513,0.31744595950587823,0.9996854889910085,4086,179,original_untruncated,region,iso3,data-restored-v1,stance-measure-v3.1,gate5-2026-07-30T02:04:05,ef641d0979b9ce1ac75af19fc5cc0657e39d238a,0.09267203318786466
fs_region_validation_available,first_stage,LATE_UNSC_compliers,log_total_aid_real,unsc,unsc,0.262916976061884,0.47743415975482106,-0.6728539770575652,1.1986879291813333,0.581864074361043,0.30325661241568236,7654,179,validation_available,region,iso3,data-restored-v1,stance-measure-v3.1,gate5-2026-07-30T02:04:05,ef641d0979b9ce1ac75af19fc5cc0657e39d238a,0.11285438548075777
fs_region_year_all_available,first_stage,LATE_UNSC_compliers,log_total_aid_real,unsc,unsc,0.4269827195820833,0.4604103838398595,-0.4754216327440413,1.329387071908208,0.35375021846172994,0.8600632249969795,7719,179,all_available,"region,year",iso3,data-restored-v1,stance-measure-v3.1,gate5-2026-07-30T02:04:05,ef641d0979b9ce1ac75af19fc5cc0657e39d238a,0.16026040358840443
fs_region_year_verified_complete,first_stage,LATE_UNSC_compliers,log_total_aid_real,unsc,unsc,0.4269827195820833,0.4604103838398595,-0.4754216327440413,1.329387071908208,0.35375021846172994,0.8600632249969795,7719,179,verified_complete,"region,year",iso3,data-restored-v1,stance-measure-v3.1,gate5-2026-07-30T02:04:05,ef641d0979b9ce1ac75af19fc5cc0657e39d238a,0.16026040358840443
fs_region_year_original_untruncated,first_stage,LATE_UNSC_compliers,log_total_aid_real,unsc,unsc,0.33061927820571685,0.5080792092031152,-0.6652159718323889,1.3264545282438227,0.5152618652730183,0.4234415778531238,4086,179,original_untruncated,"region,year",iso3,data-restored-v1,stance-measure-v3.1,gate5-2026-07-30T02:04:05,ef641d0979b9ce1ac75af19fc5cc0657e39d238a,0.14528617511993924
fs_region_year_validation_available,first_stage,LATE_UNSC_compliers,log_total_aid_real,unsc,unsc,0.40873708782192203,0.45966640985110196,-0.49220907548623777,1.3096832511300818,0.37392175873563727,0.790683279739132,7654,179,validation_available,"region,year",iso3,data-restored-v1,stance-measure-v3.1,gate5-2026-07-30T02:04:05,ef641d0979b9ce1ac75af19fc5cc0657e39d238a,0.16157398834155412
fs_country_all_available,first_stage,LATE_UNSC_compliers,log_total_aid_real,unsc,unsc,-0.11179770331923647,0.22147128136908115,-0.5458814148026355,0.32228600816416253,0.6137172403302037,0.2548184836227082,7719,179,all_available,iso3,iso3,data-restored-v1,stance-measure-v3.1,gate5-2026-07-30T02:04:05,ef641d0979b9ce1ac75af19fc5cc0657e39d238a,0.6579296280642746
fs_country_verified_complete,first_stage,LATE_UNSC_compliers,log_total_aid_real,unsc,unsc,-0.11179770331923647,0.22147128136908115,-0.5458814148026355,0.32228600816416253,0.6137172403302037,0.2548184836227082,7719,179,verified_complete,iso3,iso3,data-restored-v1,stance-measure-v3.1,gate5-2026-07-30T02:04:05,ef641d0979b9ce1ac75af19fc5cc0657e39d238a,0.6579296280642746
fs_country_original_untruncated,first_stage,LATE_UNSC_compliers,log_total_aid_real,unsc,unsc,0.08087482836308688,0.28885004093925337,-0.4852712518778497,0.6470209086040235,0.7795007856614898,0.07839382897484444,4086,179,original_untruncated,iso3,iso3,data-restored-v1,stance-measure-v3.1,gate5-2026-07-30T02:04:05,ef641d0979b9ce1ac75af19fc5cc0657e39d238a,0.76510960868464
fs_country_validation_available,first_stage,LATE_UNSC_compliers,log_total_aid_real,unsc,unsc,-0.11616631848937467,0.21951258261790893,-0.5464109804204762,0.3140783434417268,0.596681612289393,0.2800538924964686,7654,179,validation_available,iso3,iso3,data-restored-v1,stance-measure-v3.1,gate5-2026-07-30T02:04:05,ef641d0979b9ce1ac75af19fc5cc0657e39d238a,0.6595822973428589
fs_country_year_all_available,first_stage,LATE_UNSC_compliers,log_total_aid_real,unsc,unsc,-0.05751069478723375,0.20797865750997635,-0.4651488635067874,0.3501274739323199,0.7821547199148736,0.0764644708773738,7719,179,all_available,"iso3,year",iso3,data-restored-v1,stance-measure-v3.1,gate5-2026-07-30T02:04:05,ef641d0979b9ce1ac75af19fc5cc0657e39d238a,0.6964408363198947
fs_country_year_verified_complete,first_stage,LATE_UNSC_compliers,log_total_aid_real,unsc,unsc,-0.05751069478723375,0.20797865750997635,-0.4651488635067874,0.3501274739323199,0.7821547199148736,0.0764644708773738,7719,179,verified_complete,"iso3,year",iso3,data-restored-v1,stance-measure-v3.1,gate5-2026-07-30T02:04:05,ef641d0979b9ce1ac75af19fc5cc0657e39d238a,0.6964408363198947
fs_country_year_original_untruncated,first_stage,LATE_UNSC_compliers,log_total_aid_real,unsc,unsc,0.02742963913928409,0.2753821352581212,-0.5123193459666335,0.5671786242452017,0.9206625208610345,0.009921301830744881,4086,179,original_untruncated,"iso3,year",iso3,data-restored-v1,stance-measure-v3.1,gate5-2026-07-30T02:04:05,ef641d0979b9ce1ac75af19fc5cc0657e39d238a,0.7895907720546258
fs_country_year_validation_available,first_stage,LATE_UNSC_compliers,log_total_aid_real,unsc,unsc,-0.06467759623516575,0.2065134201457575,-0.46944389972085043,0.3400887072505189,0.7541463706992656,0.09808693932077478,7654,179,validation_available,"iso3,year",iso3,data-restored-v1,stance-measure-v3.1,gate5-2026-07-30T02:04:05,ef641d0979b9ce1ac75af19fc5cc0657e39d238a,0.697800566530365
rf_none_all_available,reduced_form,LATE_UNSC_compliers,stance,unsc,unsc,-0.0746993715934391,0.06435523038217603,-0.20083562314250414,0.051436879955625917,0.2457855681906144,,7719,179,all_available,,iso3,data-restored-v1,stance-measure-v3.1,gate5-2026-07-30T02:04:05,ef641d0979b9ce1ac75af19fc5cc0657e39d238a,0.00024455109947285614
rf_none_verified_complete,reduced_form,LATE_UNSC_compliers,stance,unsc,unsc,-0.0746993715934391,0.06435523038217603,-0.20083562314250414,0.051436879955625917,0.2457855681906144,,7719,179,verified_complete,,iso3,data-restored-v1,stance-measure-v3.1,gate5-2026-07-30T02:04:05,ef641d0979b9ce1ac75af19fc5cc0657e39d238a,0.00024455109947285614
rf_none_original_untruncated,reduced_form,LATE_UNSC_compliers,stance,unsc,unsc,-0.10764162258672264,0.08506563220389123,-0.2743702617063494,0.05908701653290416,0.20580196820788504,,4086,179,original_untruncated,,iso3,data-restored-v1,stance-measure-v3.1,gate5-2026-07-30T02:04:05,ef641d0979b9ce1ac75af19fc5cc0657e39d238a,0.000508490430552011
rf_none_validation_available,reduced_form,LATE_UNSC_compliers,stance,unsc,unsc,-0.07893695851194824,0.06424505991142457,-0.20485727593834038,0.04698335891444391,0.2192276182492422,,7654,179,validation_available,,iso3,data-restored-v1,stance-measure-v3.1,gate5-2026-07-30T02:04:05,ef641d0979b9ce1ac75af19fc5cc0657e39d238a,0.0002759589698922982
rf_year_all_available,reduced_form,LATE_UNSC_compliers,stance,unsc,unsc,-0.0683897612182178,0.06524615983517904,-0.1962722344951687,0.059492712058733105,0.29458843155443715,,7719,179,all_available,year,iso3,data-restored-v1,stance-measure-v3.1,gate5-2026-07-30T02:04:05,ef641d0979b9ce1ac75af19fc5cc0657e39d238a,0.023555831554380013
rf_year_verified_complete,reduced_form,LATE_UNSC_compliers,stance,unsc,unsc,-0.0683897612182178,0.06524615983517904,-0.1962722344951687,0.059492712058733105,0.29458843155443715,,7719,179,verified_complete,year,iso3,data-restored-v1,stance-measure-v3.1,gate5-2026-07-30T02:04:05,ef641d0979b9ce1ac75af19fc5cc0657e39d238a,0.023555831554380013
rf_year_original_untruncated,reduced_form,LATE_UNSC_compliers,stance,unsc,unsc,-0.1021625774115739,0.08549661806161414,-0.26973594881233764,0.06541079398918982,0.23218415383048258,,4086,179,original_untruncated,year,iso3,data-restored-v1,stance-measure-v3.1,gate5-2026-07-30T02:04:05,ef641d0979b9ce1ac75af19fc5cc0657e39d238a,0.02480035684406645
rf_year_validation_available,reduced_form,LATE_UNSC_compliers,stance,unsc,unsc,-0.0728492229545514,0.06511777474847809,-0.20048006146156847,0.05478161555246566,0.2632905942763299,,7654,179,validation_available,year,iso3,data-restored-v1,stance-measure-v3.1,gate5-2026-07-30T02:04:05,ef641d0979b9ce1ac75af19fc5cc0657e39d238a,0.023996392072848094
rf_region_all_available,reduced_form,LATE_UNSC_compliers,stance,unsc,unsc,-0.07213288034593326,0.06348075036591908,-0.19655515106313465,0.05228939037126812,0.2558683006699799,,7719,179,all_available,region,iso3,data-restored-v1,stance-measure-v3.1,gate5-2026-07-30T02:04:05,ef641d0979b9ce1ac75af19fc5cc0657e39d238a,0.007408791811786775
rf_region_verified_complete,reduced_form,LATE_UNSC_compliers,stance,unsc,unsc,-0.07213288034593326,0.06348075036591908,-0.19655515106313465,0.05228939037126812,0.2558683006699799,,7719,179,verified_complete,region,iso3,data-restored-v1,stance-measure-v3.1,gate5-2026-07-30T02:04:05,ef641d0979b9ce1ac75af19fc5cc0657e39d238a,0.007408791811786775
rf_region_original_untruncated,reduced_form,LATE_UNSC_compliers,stance,unsc,unsc,-0.10322214465559393,0.08546472956397676,-0.27073301460098836,0.06428872528980051,0.22720396269489912,,4086,179,original_untruncated,region,iso3,data-restored-v1,stance-measure-v3.1,gate5-2026-07-30T02:04:05,ef641d0979b9ce1ac75af19fc5cc0657e39d238a,0.0068480401286341586
rf_region_validation_available,reduced_form,LATE_UNSC_compliers,stance,unsc,unsc,-0.07658708554756188,0.06338359172897742,-0.20081892533635765,0.047644754241233864,0.22696506626133334,,7654,179,validation_available,region,iso3,data-restored-v1,stance-measure-v3.1,gate5-2026-07-30T02:04:05,ef641d0979b9ce1ac75af19fc5cc0657e39d238a,0.006848135329701632
rf_region_year_all_available,reduced_form,LATE_UNSC_compliers,stance,unsc,unsc,-0.06633495829341854,0.06453374358572676,-0.192821095721443,0.06015117913460591,0.3040240538237758,,7719,179,all_available,"region,year",iso3,data-restored-v1,stance-measure-v3.1,gate5-2026-07-30T02:04:05,ef641d0979b9ce1ac75af19fc5cc0657e39d238a,0.030591691643279906
rf_region_year_verified_complete,reduced_form,LATE_UNSC_compliers,stance,unsc,unsc,-0.06633495829341854,0.06453374358572676,-0.192821095721443,0.06015117913460591,0.3040240538237758,,7719,179,verified_complete,"region,year",iso3,data-restored-v1,stance-measure-v3.1,gate5-2026-07-30T02:04:05,ef641d0979b9ce1ac75af19fc5cc0657e39d238a,0.030591691643279906
rf_region_year_original_untruncated,reduced_form,LATE_UNSC_compliers,stance,unsc,unsc,-0.09791597063513131,0.08608416790759006,-0.2666409397340078,0.0708089984637452,0.25542015021615083,,4086,179,original_untruncated,"region,year",iso3,data-restored-v1,stance-measure-v3.1,gate5-2026-07-30T02:04:05,ef641d0979b9ce1ac75af19fc5cc0657e39d238a,0.0307908974399963
rf_region_year_validation_available,reduced_form,LATE_UNSC_compliers,stance,unsc,unsc,-0.07095766645794749,0.06441436896557935,-0.197209829630483,0.055294496714588026,0.27067863525101926,,7654,179,validation_available,"region,year",iso3,data-restored-v1,stance-measure-v3.1,gate5-2026-07-30T02:04:05,ef641d0979b9ce1ac75af19fc5cc0657e39d238a,0.030434053392266236
rf_country_all_available,reduced_form,LATE_UNSC_compliers,stance,unsc,unsc,-0.10413433644806702,0.055847020496079244,-0.21359449662038232,0.005325823724248294,0.0622713434524868,,7719,179,all_available,iso3,iso3,data-restored-v1,stance-measure-v3.1,gate5-2026-07-30T02:04:05,ef641d0979b9ce1ac75af19fc5cc0657e39d238a,0.2157830629147397
rf_country_verified_complete,reduced_form,LATE_UNSC_compliers,stance,unsc,unsc,-0.10413433644806702,0.055847020496079244,-0.21359449662038232,0.005325823724248294,0.0622713434524868,,7719,179,verified_complete,iso3,iso3,data-restored-v1,stance-measure-v3.1,gate5-2026-07-30T02:04:05,ef641d0979b9ce1ac75af19fc5cc0657e39d238a,0.2157830629147397
rf_country_original_untruncated,reduced_form,LATE_UNSC_compliers,stance,unsc,unsc,-0.10303210093018625,0.08018289756077296,-0.26019058014930124,0.054126378288928745,0.19888121133770592,,4086,179,original_untruncated,iso3,iso3,data-restored-v1,stance-measure-v3.1,gate5-2026-07-30T02:04:05,ef641d0979b9ce1ac75af19fc5cc0657e39d238a,0.20128438188737452
rf_country_validation_available,reduced_form,LATE_UNSC_compliers,stance,unsc,unsc,-0.10546765874756843,0.055908207707535115,-0.21504774585433725,0.004112428359200393,0.059273986331484785,,7654,179,validation_available,iso3,iso3,data-restored-v1,stance-measure-v3.1,gate5-2026-07-30T02:04:05,ef641d0979b9ce1ac75af19fc5cc0657e39d238a,0.21467266300754229
rf_country_year_all_available,reduced_form,LATE_UNSC_compliers,stance,unsc,unsc,-0.09961190933395064,0.05601847056265796,-0.20940811163676026,0.010184292968858963,0.07541197108684573,,7719,179,all_available,"iso3,year",iso3,data-restored-v1,stance-measure-v3.1,gate5-2026-07-30T02:04:05,ef641d0979b9ce1ac75af19fc5cc0657e39d238a,0.23896005190031566
rf_country_year_verified_complete,reduced_form,LATE_UNSC_compliers,stance,unsc,unsc,-0.09961190933395064,0.05601847056265796,-0.20940811163676026,0.010184292968858963,0.07541197108684573,,7719,179,verified_complete,"iso3,year",iso3,data-restored-v1,stance-measure-v3.1,gate5-2026-07-30T02:04:05,ef641d0979b9ce1ac75af19fc5cc0657e39d238a,0.23896005190031566
rf_country_year_original_untruncated,reduced_form,LATE_UNSC_compliers,stance,unsc,unsc,-0.10891032301949763,0.08079493393143755,-0.2672683935251152,0.049447747486119964,0.17774253230961515,,4086,179,original_untruncated,"iso3,year",iso3,data-restored-v1,stance-measure-v3.1,gate5-2026-07-30T02:04:05,ef641d0979b9ce1ac75af19fc5cc0657e39d238a,0.22470997634197054
rf_country_year_validation_available,reduced_form,LATE_UNSC_compliers,stance,unsc,unsc,-0.10098213842613375,0.056053935687670316,-0.21084785237396758,0.008883575521700063,0.07166193022202412,,7654,179,validation_available,"iso3,year",iso3,data-restored-v1,stance-measure-v3.1,gate5-2026-07-30T02:04:05,ef641d0979b9ce1ac75af19fc5cc0657e39d238a,0.238273746658481
fs_controls,first_stage,LATE_UNSC_compliers,log_total_aid_real,unsc,unsc,-0.13552567032567756,0.23279393776236854,-0.5918017883399199,0.32075044768856475,0.5604762535680192,0.33892202683031464,5636,146,all_available,"iso3,year",iso3,data-restored-v1,stance-measure-v3.1,gate5-2026-07-30T02:04:05,ef641d0979b9ce1ac75af19fc5cc0657e39d238a,0.6882070526324499
rf_controls,reduced_form,LATE_UNSC_compliers,stance,unsc,unsc,-0.0775976951849893,0.06050228052165349,-0.19618216500743013,0.04098677463745154,0.19970159341391389,,5636,146,all_available,"iso3,year",iso3,data-restored-v1,stance-measure-v3.1,gate5-2026-07-30T02:04:05,ef641d0979b9ce1ac75af19fc5cc0657e39d238a,0.25952837242691473
fs_econ,first_stage,LATE_UNSC_compliers,log_econ_aid_real,unsc,unsc,-0.3056359572225461,0.23172695808682853,-0.75982079507273,0.14854888062763782,0.18722660989632944,1.7396255263709393,7719,179,all_available,"iso3,year",iso3,data-restored-v1,stance-measure-v3.1,gate5-2026-07-30T02:04:05,ef641d0979b9ce1ac75af19fc5cc0657e39d238a,0.6981676131620782
fs_mil,first_stage,LATE_UNSC_compliers,log_mil_aid_real,unsc,unsc,0.026534532113601544,0.271627554602247,-0.5058554749068026,0.5589245391340057,0.922183303236805,0.009542786786517177,7719,179,all_available,"iso3,year",iso3,data-restored-v1,stance-measure-v3.1,gate5-2026-07-30T02:04:05,ef641d0979b9ce1ac75af19fc5cc0657e39d238a,0.5722595570142281
fs_lag1,first_stage,LATE_UNSC_compliers,log_total_aid_real,unsc,unsc,-0.12631132528471972,0.21462028084622423,-0.5469670757433192,0.29434442517387976,0.5561921225068741,0.34637223031076764,7540,179,all_available,"iso3,year",iso3,data-restored-v1,stance-measure-v3.1,gate5-2026-07-30T02:04:05,ef641d0979b9ce1ac75af19fc5cc0657e39d238a,0.7041203990399384
fs_lag2,first_stage,LATE_UNSC_compliers,log_total_aid_real,unsc,unsc,-0.2968897754501737,0.2292626944854599,-0.7462446566416752,0.1524651057413277,0.19537029464209574,1.6769638391766395,7361,179,all_available,"iso3,year",iso3,data-restored-v1,stance-measure-v3.1,gate5-2026-07-30T02:04:05,ef641d0979b9ce1ac75af19fc5cc0657e39d238a,0.7070203589165631
unsc_lead2,event_study,LATE_UNSC_compliers,stance,unsc,unsc,0.1317044821920339,0.05027103565322372,0.03317325231171542,0.23023571207235238,0.00881361135008706,,7719,179,all_available,"iso3,year",iso3,data-restored-v1,stance-measure-v3.1,gate5-2026-07-30T02:04:05,ef641d0979b9ce1ac75af19fc5cc0657e39d238a,0.23923760823604423
unsc_lead1,event_study,LATE_UNSC_compliers,stance,unsc,unsc,0.0027609967643904935,0.048428105576577916,-0.09215809016570221,0.09768008369448321,0.9545369331862981,,7719,179,all_available,"iso3,year",iso3,data-restored-v1,stance-measure-v3.1,gate5-2026-07-30T02:04:05,ef641d0979b9ce1ac75af19fc5cc0657e39d238a,0.2385531377249699
unsc,event_study,LATE_UNSC_compliers,stance,unsc,unsc,-0.09961190933395064,0.05601847056265796,-0.20940811163676026,0.010184292968858963,0.07541197108684573,,7719,179,all_available,"iso3,year",iso3,data-restored-v1,stance-measure-v3.1,gate5-2026-07-30T02:04:05,ef641d0979b9ce1ac75af19fc5cc0657e39d238a,0.23896005190031566
unsc_lag1,event_study,LATE_UNSC_compliers,stance,unsc,unsc,-0.0387474170643589,0.05284687892050877,-0.1423272997485561,0.0648324656198383,0.46345841887709593,,7719,179,all_available,"iso3,year",iso3,data-restored-v1,stance-measure-v3.1,gate5-2026-07-30T02:04:05,ef641d0979b9ce1ac75af19fc5cc0657e39d238a,0.2386132364763781
unsc_lag2,event_study,LATE_UNSC_compliers,stance,unsc,unsc,0.02654462475683658,0.051505882934667326,-0.07440690579511137,0.12749615530878453,0.6063091904937447,,7719,179,all_available,"iso3,year",iso3,data-restored-v1,stance-measure-v3.1,gate5-2026-07-30T02:04:05,ef641d0979b9ce1ac75af19fc5cc0657e39d238a,0.23858058868783782
fs_cold_war,first_stage,LATE_UNSC_compliers,log_total_aid_real,unsc,unsc,-0.07780362313275435,0.3730635541334218,-0.8090081892342611,0.6534009429687524,0.8348137570736573,0.04349446531009061,2713,157,cold_war,"iso3,year",iso3,data-restored-v1,stance-measure-v3.1,gate5-2026-07-30T02:04:05,ef641d0979b9ce1ac75af19fc5cc0657e39d238a,0.7946078193241866
rf_cold_war,reduced_form,LATE_UNSC_compliers,stance,unsc,unsc,-0.05820146217004399,0.10292410170375799,-0.2599327015094096,0.14352977716932167,0.571797776594551,,2713,157,cold_war,"iso3,year",iso3,data-restored-v1,stance-measure-v3.1,gate5-2026-07-30T02:04:05,ef641d0979b9ce1ac75af19fc5cc0657e39d238a,0.3354627584305103
fs_post_cold_war,first_stage,LATE_UNSC_compliers,log_total_aid_real,unsc,unsc,-0.0037286438474214423,0.2065921473351998,-0.40864925262441304,0.40119196492957016,0.9856010460497382,0.0003257423200830658,5006,179,post_cold_war,"iso3,year",iso3,data-restored-v1,stance-measure-v3.1,gate5-2026-07-30T02:04:05,ef641d0979b9ce1ac75af19fc5cc0657e39d238a,0.8041326846692494
rf_post_cold_war,reduced_form,LATE_UNSC_compliers,stance,unsc,unsc,-0.1206730932978678,0.06455424592619892,-0.24719941531321768,0.00585322871748209,0.06163799114112705,,5006,179,post_cold_war,"iso3,year",iso3,data-restored-v1,stance-measure-v3.1,gate5-2026-07-30T02:04:05,ef641d0979b9ce1ac75af19fc5cc0657e39d238a,0.25047506700860045
fs_post_2001,first_stage,LATE_UNSC_compliers,log_total_aid_real,unsc,unsc,-0.12029076229165125,0.24801023600278102,-0.606390824857102,0.36580930027379954,0.6276918405096993,0.23524767660811963,3511,179,post_2001,"iso3,year",iso3,data-restored-v1,stance-measure-v3.1,gate5-2026-07-30T02:04:05,ef641d0979b9ce1ac75af19fc5cc0657e39d238a,0.8506118095943824
rf_post_2001,reduced_form,LATE_UNSC_compliers,stance,unsc,unsc,-0.1252278547753396,0.0811341972488877,-0.28425088138315946,0.03379517183248029,0.12281334697805589,,3511,179,post_2001,"iso3,year",iso3,data-restored-v1,stance-measure-v3.1,gate5-2026-07-30T02:04:05,ef641d0979b9ce1ac75af19fc5cc0657e39d238a,0.258861446579154
fs_us_mention,first_stage,LATE_UNSC_compliers,log_total_aid_real,unsc,unsc,-0.14857269865538122,0.20599438980269819,-0.5523217026686696,0.25517630535790725,0.470782458373601,0.5201962756082462,7115,179,us_mention,"iso3,year",iso3,data-restored-v1,stance-measure-v3.1,gate5-2026-07-30T02:04:05,ef641d0979b9ce1ac75af19fc5cc0657e39d238a,0.7010942046090727
rf_us_mention,reduced_form,LATE_UNSC_compliers,stance,unsc,unsc,-0.10267138570333421,0.061830732273018905,-0.22385962095845127,0.018516849551782844,0.09685471398005675,,7115,179,us_mention,"iso3,year",iso3,data-restored-v1,stance-measure-v3.1,gate5-2026-07-30T02:04:05,ef641d0979b9ce1ac75af19fc5cc0657e39d238a,0.18783182606242244
fs_verified,first_stage,LATE_UNSC_compliers,log_total_aid_real,unsc,unsc,-0.05751069478723375,0.20797865750997635,-0.4651488635067874,0.3501274739323199,0.7821547199148736,0.0764644708773738,7719,179,verified,"iso3,year",iso3,data-restored-v1,stance-measure-v3.1,gate5-2026-07-30T02:04:05,ef641d0979b9ce1ac75af19fc5cc0657e39d238a,0.6964408363198947
rf_verified,reduced_form,LATE_UNSC_compliers,stance,unsc,unsc,-0.09961190933395064,0.05601847056265796,-0.20940811163676026,0.010184292968858963,0.07541197108684573,,7719,179,verified,"iso3,year",iso3,data-restored-v1,stance-measure-v3.1,gate5-2026-07-30T02:04:05,ef641d0979b9ce1ac75af19fc5cc0657e39d238a,0.23896005190031566
fs_original,first_stage,LATE_UNSC_compliers,log_total_aid_real,unsc,unsc,0.02742963913928409,0.2753821352581212,-0.5123193459666335,0.5671786242452017,0.9206625208610345,0.009921301830744881,4086,179,original,"iso3,year",iso3,data-restored-v1,stance-measure-v3.1,gate5-2026-07-30T02:04:05,ef641d0979b9ce1ac75af19fc5cc0657e39d238a,0.7895907720546258
rf_original,reduced_form,LATE_UNSC_compliers,stance,unsc,unsc,-0.10891032301949763,0.08079493393143755,-0.2672683935251152,0.049447747486119964,0.17774253230961515,,4086,179,original,"iso3,year",iso3,data-restored-v1,stance-measure-v3.1,gate5-2026-07-30T02:04:05,ef641d0979b9ce1ac75af19fc5cc0657e39d238a,0.22470997634197054
fs_length_ctrl,first_stage,LATE_UNSC_compliers,log_total_aid_real,unsc,unsc,-0.05751069478723375,0.20797865750997635,-0.4651488635067874,0.3501274739323199,0.7821547199148736,0.0764644708773738,7719,179,all_available,"iso3,year",iso3,data-restored-v1,stance-measure-v3.1,gate5-2026-07-30T02:04:05,ef641d0979b9ce1ac75af19fc5cc0657e39d238a,0.6964408363198947
